{
  "scaler_json": "/home/peter/PFE/processed/chl_shallow/resampled_1D/normalized_split/scaler_params.json",
  "val": {
    "mean_train": {
      "rmse": 1.9277132582983576,
      "mae": 1.2970367841790726,
      "n": 165,
      "method": "mean_train_z",
      "mean_z_used": -0.10673420744985893
    },
    "persistence": {
      "rmse": 2.2625266060554408,
      "mae": 1.714885487370974,
      "n": 131,
      "method": "persistence_window_end"
    }
  },
  "test": {
    "mean_train": {
      "rmse": 1.8236078713109436,
      "mae": 1.6316236266126845,
      "n": 60,
      "method": "mean_train_z",
      "mean_z_used": -0.10673420744985893
    },
    "persistence": {
      "rmse": 1.0657352782691876,
      "mae": 0.8958333456759855,
      "n": 60,
      "method": "persistence_window_end"
    }
  }
}