epoch,train_loss_z,train_loss_name,train_LY,train_LD,train_rho,val_rmse_chl,val_mae_chl,lr,seconds
1,0.264526,tdalign_mse,1.112964,nan,0.669681,1.962954,1.375829,0.00010000,0.65
2,0.462142,tdalign_mse,1.122702,nan,0.667566,1.962748,1.375525,0.00010000,0.57
3,0.000000,tdalign_mse,1.095697,nan,0.670814,1.962748,1.375525,0.00010000,0.54
4,0.000000,tdalign_mse,1.101113,nan,0.668510,1.962748,1.375525,0.00010000,0.50
5,0.000000,tdalign_mse,1.133930,nan,0.669378,1.962748,1.375525,0.00010000,0.33
