{
  "schema": "forecast_day_k_starts_at_day_1_ahead",
  "resolution": "30min",
  "steps_per_calendar_day": 48,
  "pred_len_steps": 672,
  "num_forecast_days": 14,
  "note": "Targets remain 30-minute Chl (z). Each forecast_day_index k aggregates errors over steps [ (k-1)*steps_per_calendar_day , min(k*steps_per_calendar_day, H) ). Aligned with calibration blocks of length calib_len.",
  "rmse_z": {
    "persistence": [
      0.21972795387250132,
      0.28935912331648406,
      0.34518450619078367,
      0.3842760867839157,
      0.41950800813964634,
      0.44846431828680533,
      0.4714133974054105,
      0.48719504408294945,
      0.5034110077179932,
      0.5074604421890193,
      0.5186645795629548,
      0.5237071402496798,
      0.5230002156876481,
      0.5164062078104289
    ],
    "persistence_calibrated": [
      0.21972795387250132,
      0.22161922636393402,
      0.22198503202857206,
      0.2221647265355906,
      0.2220139748570235,
      0.22185597180067806,
      0.22221415151385387,
      0.22241627362789784,
      0.22332589951185014,
      0.22372947918338934,
      0.22294097778872662,
      0.2228065758879279,
      0.2235444001761141,
      0.22436367324904222
    ],
    "teacher": [
      1.192747736405337,
      1.1957504801685697,
      1.1923688602495397,
      1.2490395470324465,
      1.2184736814187365,
      1.188671187124683,
      1.2248219816504522,
      1.2155153302166444,
      1.2128527897803278,
      1.1659472175188268,
      1.2095550812125089,
      1.1339766157300806,
      1.2417508289723256,
      1.1948713497451209
    ],
    "teacher_calibrated": [
      1.192747736405337,
      0.31875561573004296,
      0.30769712188463644,
      0.3239358781380827,
      0.31001379800394213,
      0.29204123444596397,
      0.31619446477852614,
      0.29270507062916984,
      0.3138805362758284,
      0.3074813515284756,
      0.30734863612538743,
      0.32154213085633915,
      0.3301694900446571,
      0.32263877743741975
    ]
  },
  "forecast_day_index": [
    1,
    2,
    3,
    4,
    5,
    6,
    7,
    8,
    9,
    10,
    11,
    12,
    13,
    14
  ]
}